08d60fad-19c4-45b1-9ac6-056f47b0f381	'https://geograph.org.uk/profile/32242'
0ea96417-6679-4cce-b2e7-cccf4dfab2a5	'https://www.flickr.com/photos/70682842@N00'
124d751e-367b-4da7-820f-e51d0b36a855	'https://geograph.org.uk/profile/37389'
1254da63-b724-4ab2-8f84-81b2d9417d88	'https://www.flickr.com/photos/15805303@N00'
129b9f89-5ab3-4e59-94b2-8de3cdc1daba	'https://geograph.org.uk/profile/43729'
13ed5557-a1da-4d90-8433-ab25767197b0	'https://geograph.org.uk/profile/32299'
1a02a65c-20ae-445e-900a-0d36c620b168	'https://www.flickr.com/photos/59769947@N08'
1560b5a3-dbf3-4663-a2bd-886f6b2b5787	'https://www.flickr.com/photos/146269332@N03'
156aacaa-d138-466e-994c-617c9467b1c6	'https://www.flickr.com/photos/95591029@N00'
161d40d3-1f06-4422-a9da-c0632ee79d38	'https://geograph.org.uk/profile/45856'
166eb2c9-02f9-4654-8e3d-cb27ec1ea48c	'https://geograph.org.uk/profile/21377'
168141e0-15d3-45e5-81fa-df7d6f9c63f1	'https://www.flickr.com/photos/15805303@N00'
169f332c-e840-4f28-a19b-74d70a41b603	'https://geograph.org.uk/profile/28657'
5b7bbcda-c5ca-44eb-aeca-deeb1a1609f7	'https://www.flickr.com/photos/51313580@N08'
16e01009-5928-4e64-ae51-67ed5ac8e577	'https://geograph.org.uk/profile/28338'
16e091eb-9f61-4086-abd5-2f19f0f17421	'https://geograph.org.uk/profile/1904'
16e44580-602a-49ff-a8eb-c3e5cee6b8da	'https://www.flickr.com/photos/10237252@N08'
17afc99b-2c39-4abd-90e6-a141018342cb	'https://www.flickr.com/photos/37464210@N00'
17c3f354-aebb-4fb8-a03c-0404926f3fdd	'https://www.flickr.com/photos/10169648@N03'
17e6cbdf-2906-4b12-9966-6372754b4c98	'https://www.flickr.com/photos/90118575@N00'
ae10eb90-e83c-4dbe-9270-342ffb6c4fa3	'https://www.flickr.com/photos/31762555@N03'
1803ef2b-9d6d-4b80-8828-31ac38c08796	'https://geograph.org.uk/profile/14840'
180e548b-cb9e-4bca-89ad-1c03bb67e751	'https://www.flickr.com/photos/27003603@N00'
18334cfb-4e4d-49ed-be6a-724b2fe38276	'https://geograph.org.uk/profile/196'
18735c01-1a4a-4026-a687-647df84cfd2b	'https://geograph.org.uk/profile/44365'
18743945-91fe-48a4-8dbd-7d1b6250cc09	'https://www.flickr.com/photos/23452261@N07'
18d7ff3a-8c0b-421b-99b1-74cf7833c43f	'https://www.flickr.com/photos/33588799@N00'
18d9e6f9-3f5d-4cb1-bbb6-6fdb93fa341a	'https://www.flickr.com/photos/22468999@N00'
18f0393e-47a1-4f22-a1ad-ad705c5e9fbe	'https://geograph.org.uk/profile/42541'
1a5dd277-7a07-4de9-8d6c-866763972940	'https://www.flickr.com/photos/29143164@N00'
1a6f1650-4714-4ffc-8f7f-6606170e7bf7	'https://geograph.org.uk/profile/10811'
1ab43f7c-b4f1-4f07-9c5a-f3fa46bc98c0	'https://geograph.org.uk/profile/6358'
1b00101f-c919-480d-b39b-bc2eda88cd3c	'https://geograph.org.uk/profile/39302'
1b040989-5cdd-4581-bd39-0812b1803b93	'https://geograph.org.uk/profile/78549'
1b1d27fa-996f-4d31-9461-fe52a04760fc	'https://geograph.org.uk/profile/42460'
1bea08b5-7853-4b43-b46c-ab667cbfb40f	'https://geograph.org.uk/profile/1533'
1c391177-15eb-4ec4-a9ee-753d1354285a	'https://geograph.org.uk/profile/1833'
1c6ccea7-d904-42d0-b5fa-1d9de538f8fe	'https://www.flickr.com/photos/59692018@N00'
1c881733-baab-4a80-bbe0-3c41d3dcf294	'https://www.flickr.com/photos/55345916@N05'
1cd7e16c-25e4-494d-a517-595b31adaeb9	'https://www.flickr.com/photos/75181076@N00'
1cd86114-d558-4156-985e-51e6cbeec55b	'https://geograph.org.uk/profile/5089'
1d6b6cf3-cd0a-4c47-948a-1617188d11f2	'https://www.flickr.com/photos/43840881@N06'
1d7070ea-b707-477a-ba66-1ae20cce867e	'https://geograph.org.uk/profile/34521'
1d79efb8-f3f1-48ac-9c5c-75b5e5b8c0a5	'https://geograph.org.uk/profile/60711'
1db013f0-5f39-4a98-afbb-007130cd0b5b	'https://geograph.org.uk/profile/196'
1e404ffa-afbd-4af8-b7b1-2579c528aec9	'https://www.flickr.com/photos/81086056@N00'
1e50bbc6-88b4-4d51-b2b0-4f4c777bb137	'https://www.flickr.com/photos/61290435@N08'
1e73f6e7-ed0c-4cfc-bd7e-b037a0c83cef	'https://www.flickr.com/photos/14652587@N05'
1e7ffd58-dca3-4898-9765-ed40385c1432	'https://geograph.org.uk/profile/32427'
1f2b4b2f-372c-42b9-a442-4e8761209341	'https://geograph.org.uk/profile/11162'
1e896189-f8f8-4979-8cd3-7a00c001c0fa	'https://geograph.org.uk/profile/12254'
1f1df7d6-28f7-4f1a-909a-d35ee2672dbc	'https://geograph.org.uk/profile/4264'
1f216fda-fe3b-4066-8dcf-204efb21f95f	'https://www.flickr.com/photos/28708174@N00'
1feeabf7-3327-4e6f-bcfc-b8957ca29964	'https://geograph.org.uk/profile/196'
2237e9e2-87f6-4a52-8217-68dfa8bde9e4	'https://geograph.org.uk/profile/796'
23c3bf10-44a8-4383-aef7-0e2d10109a3c	'https://www.flickr.com/photos/71370732@N04'
23c55732-e0be-4d54-962f-9a81234aeba0	'https://geograph.org.uk/profile/343'
24b1ce72-457b-456a-977f-8d6fc7c8aeac	'https://www.flickr.com/photos/30942978@N03'
262be033-36c7-42b0-a4f4-1ce9bec0600d	'https://geograph.org.uk/profile/20468'
2a89a5f4-7a52-4155-8b94-4fd70d376afe	'https://www.flickr.com/photos/98934778@N05'
26bc38de-b5da-46b0-b2be-d112ec087b01	'https://www.flickr.com/photos/51035589339@N01'
26bc5d04-3242-494b-9f70-845b93d25bd0	'https://www.flickr.com/photos/41894165897@N01'
275cb11f-ec0d-4ca3-bc0b-9834dd5d371c	'https://geograph.org.uk/profile/1782'
27729790-6390-4f56-baa3-fd02ab269c77	'https://www.flickr.com/photos/38928365@N06'
279f1c28-8edc-455c-ad2a-8b3bf8a1838d	'https://geograph.org.uk/profile/17822'
27a65a85-e42f-4b4c-84d8-f0c795c16c2f	'https://www.flickr.com/photos/63889369@N03'
27ee9daa-3ff6-43de-88b0-2d257e382536	'https://www.flickr.com/photos/31945085@N00'
28369388-a161-4e31-af42-bcf92114d73e	'https://geograph.org.uk/profile/10416'
2a33adb1-dd27-4778-8a3d-2306e518b01a	'https://www.flickr.com/photos/62769569@N05'
28d40df2-cff3-4f8f-a955-a83061c29eaf	'https://geograph.org.uk/profile/23895'
2ad69a93-c2ef-46f7-b721-287940e6d6db	'https://www.flickr.com/photos/138071069@N06'
2908a3a7-702f-4a4b-95ad-59587f8cf537	'https://geograph.org.uk/profile/19063'
290a1850-2e64-4588-86c3-1b5ebd828fa3	'https://www.flickr.com/photos/21197278@N00'
290e3a3b-b0b2-4aa3-a3b6-796213cd84a5	'https://www.flickr.com/photos/25667903@N00'
292e5e80-809b-4439-89cc-4346af46abde	'https://geograph.org.uk/profile/2520'
29423608-befa-4691-afa9-8571ac564893	'https://geograph.org.uk/profile/3637'
297db005-35d8-420d-be8a-ef5957037109	'https://www.flickr.com/photos/47546086@N00'
298920a1-1b84-4c48-9a4f-45c249970313	'https://geograph.org.uk/profile/17822'
29dbb587-266c-4eb4-b1c1-ad89a4bd2559	'https://geograph.org.uk/profile/1837'
29dfe2ab-989f-4574-a484-b3918d280fef	'https://geograph.org.uk/profile/9441'
2a0e3d02-73ff-48b7-bf57-6458fc9fa611	'https://www.flickr.com/photos/59427598@N07'
2af83c37-84d7-479a-bf17-ca4c4de87ab9	'https://www.flickr.com/photos/53367916@N00'
2b5db772-2b5d-4aa4-86f4-0ada8c196d1e	'https://geograph.org.uk/profile/8569'
2b6e5758-61a8-4052-9267-8f247c7119f8	'https://www.flickr.com/photos/37996603748@N01'
2c15accd-0f63-4eca-86f5-0bce2d9ae22c	'https://geograph.org.uk/profile/18186'
2c18c41d-4537-4d2e-a137-918ffefbae49	'https://www.flickr.com/photos/40288548@N05'
2c280243-fe59-4337-baf9-ed3223b149aa	'https://www.flickr.com/photos/10169648@N03'
2c2f282b-3610-4cd0-a954-1ec3557634b9	'https://geograph.org.uk/profile/39190'
2c69e309-c0dc-418d-b2e6-ed40d7ee4b3c	'https://www.flickr.com/photos/37862156@N03'
2c85b0d4-de1c-4deb-9d5f-7516c42ae49e	'https://www.flickr.com/photos/53005683@N00'
2cd0e139-529a-4a9f-b32f-f6e6c1edf057	'https://geograph.org.uk/profile/14530'
2cd72b67-ca2d-4a33-9050-712aea052c47	'https://www.flickr.com/photos/46095695@N06'
2d187a51-f3a1-4247-a12b-35719e10996b	'https://www.flickr.com/photos/49503177654@N01'
2d30b287-c4f8-40c7-ae35-c77581ce4c4c	'https://geograph.org.uk/profile/28941'
2d5aee3f-60ca-4f0a-b747-511d316fa8cd	'https://www.flickr.com/photos/67513462@N00'
2e821986-6654-4e4a-8938-a4ba612d2209	'https://www.flickr.com/photos/48741238@N00'
2d8cf1d9-30c7-4808-9d3c-7ded53bce0d8	'https://www.flickr.com/photos/34907157@N08'
2d98604e-2e81-4ac9-89f1-6863bd20a828	'https://www.flickr.com/photos/10169648@N03'
2d9e3d04-b086-4612-a73f-174bfd550731	'https://geograph.org.uk/profile/11162'
2dbefdfa-9d19-42d7-9d18-133459309732	'https://www.flickr.com/photos/28708174@N00'
2dc8d4df-71cd-4da8-aa70-06cb1446ba7d	'https://geograph.org.uk/profile/20403'
2e166097-9192-46e7-bef8-71466549db1f	'https://geograph.org.uk/profile/4827'
2e6e6c9e-10bc-4c13-b1a4-ca53baf2d9f8	'https://www.flickr.com/photos/86203458@N00'
2ea6ebb3-4de9-4f10-a888-1bd5fd9fa190	'https://geograph.org.uk/profile/34298'
2ecc6727-d747-43b3-a051-22117f00b799	'https://www.flickr.com/photos/64523854@N07'
2ece0c8d-95e2-4814-a2bd-2a58627a8342	'https://www.flickr.com/photos/24526477@N06'
2ef0fb61-0ff3-42af-9a6a-f46e04775e85	'https://www.flickr.com/photos/45037890@N08'
2effda1b-4fb8-42f3-be86-c1d5634b0bf5	'https://www.flickr.com/photos/106707265@N05'
2f071b79-017f-412a-990e-9ab0a48afd35	'https://geograph.org.uk/profile/41405'
2f163a43-a5ba-4e73-bbf7-1d635ef76147	'https://www.flickr.com/photos/46161602@N00'
2f27682a-4a49-4010-8927-d1646b9946aa	'https://www.flickr.com/photos/33192910@N07'
2f493f48-7b11-4a5f-a075-9b3fa567cafe	'https://geograph.org.uk/profile/1833'
2f64a096-15f4-495e-a448-5035c9c413ba	'https://www.flickr.com/photos/90518936@N06'
2f8e4da6-4469-439d-9d1b-2478948e8b2c	'https://www.flickr.com/photos/146269332@N03'
2fdf70b8-4a4a-4dd6-b703-7d5d1bbfa0e0	'https://www.flickr.com/photos/81275975@N00'
2ff9a053-f071-4d61-bf24-e4014bcf5d57	'https://www.flickr.com/photos/106707265@N05'
2fffaee7-8779-4e75-8595-e0e721563d2a	'https://www.flickr.com/photos/59206851@N00'
2fffc6bc-346c-412a-9619-5af171b4de7a	'https://geograph.org.uk/profile/5089'
31c368fe-5795-45b6-b7d9-2784b39812de	'https://www.flickr.com/photos/58529036@N00'
3244334e-2b39-4b97-93f7-68baf3f42cf9	'https://geograph.org.uk/profile/16321'
34816b9a-8e6e-43e9-b364-3d2c6cc90706	'https://www.flickr.com/photos/18269567@N05'
3493d131-0a28-4c97-9dde-36859fa80583	'https://www.flickr.com/photos/55150789@N06'
34e8a882-6c14-46e3-a034-bdc6685d221b	'https://geograph.org.uk/profile/17822'
36417556-df32-4d44-8014-78dad41ff03b	'https://www.flickr.com/photos/8049570@N04'
357e7c5b-d446-4db3-afae-70bbf677fc3f	'https://www.flickr.com/photos/84056180@N00'
3582be16-128b-4d4c-b35f-1cb3f6b52602	'https://www.flickr.com/photos/17686968@N07'
35f840d0-9b53-4bf8-96d7-5c0c20820c26	'https://geograph.org.uk/profile/3863'
360f46a6-e117-4ce1-a96e-156d7c58df17	'https://geograph.org.uk/profile/15376'
3649c15f-8f25-4ded-9f5c-0f747b0cc375	'https://geograph.org.uk/profile/11162'
3693b3f0-2368-422c-8e3d-333456215f4b	'https://geograph.org.uk/profile/1777'
3696db4a-3632-4b4d-b5cf-93446d935294	'https://www.flickr.com/photos/36921300@N00'
36f37391-eff6-4d71-961b-57adbf3d18bb	'https://geograph.org.uk/profile/1173'
36f9a682-410d-4e7e-a5c3-b9231afc052f	'https://geograph.org.uk/profile/41405'
37063f6f-e431-4691-a4c3-2b80d129e761	'https://geograph.org.uk/profile/28954'
371cfdc1-d7e5-4e9c-afdb-b06e48760489	'https://geograph.org.uk/profile/29497'
371e2ff4-5855-466e-8a54-878ef7667555	'https://www.flickr.com/photos/35781156@N00'
37425398-8e06-4315-8024-ef680fa62ef7	'https://geograph.org.uk/profile/955'
3747d61d-a0f4-4ebf-ba7c-87ee06a7ea0b	'https://geograph.org.uk/profile/1105'
467d1e77-56b6-4bb0-a6b2-0b45451ca989	'https://www.flickr.com/photos/20446463@N04'
3769daa9-3a47-4948-aaa6-685f9e5d559c	'https://www.flickr.com/photos/82394503@N00'
37cc1133-3d0e-4289-a8e7-4ba8f0ff75be	'https://www.flickr.com/photos/97779350@N00'
37dc305a-dc81-4463-b823-67166dc7e0f5	'https://www.flickr.com/photos/45105731@N04'
392b5dfe-c238-48c5-b52b-5c38e54cb14d	'https://geograph.org.uk/profile/3176'
392d2441-30d6-44bf-9552-bfe739f575d4	'https://geograph.org.uk/profile/2076'
3931e0d7-f978-4a1e-a329-df1c27b9e004	'https://www.flickr.com/photos/106707265@N05'
3947c843-f732-4c6f-b840-c46ca2cbee9d	'https://geograph.org.uk/profile/7056'
395b7715-ae12-40cc-90d2-1310918c7d7e	'https://geograph.org.uk/profile/19276'
397d1efe-fa88-4b14-9599-0a59af05c725	'https://www.flickr.com/photos/39459981@N00'
3987c49e-fe66-44e1-bf89-171d437502c7	'https://geograph.org.uk/profile/43729'
399a1ef3-a518-4665-b78b-fc7b845f10c4	'https://geograph.org.uk/profile/45095'
39a54e13-d696-4fcb-848f-a4d0467cee4f	'https://www.flickr.com/photos/23479164@N02'
39fbc8a4-466f-46af-bce1-677c21ce9b1f	'https://www.flickr.com/photos/62831842@N00'
3a091b3c-05b1-48f6-9952-093011eb1e7e	'https://www.flickr.com/photos/91715992@N00'
3a25d19e-9759-4c48-852d-aeeb601e8b0a	'https://geograph.org.uk/profile/6284'
3ac4430f-76aa-4460-8040-d261f8b9168f	'https://geograph.org.uk/profile/196'
3af282fa-28fe-439b-bc24-af1233c24d13	'https://www.flickr.com/photos/69802987@N00'
3af8a35b-4a94-4ab6-9e3a-12420fa7df04	'https://www.flickr.com/photos/31081945@N07'
3afdbeb1-41eb-4989-873a-b8951bb19417	'https://www.flickr.com/photos/87807876@N00'
3b0c93a4-9344-4e7d-ac31-2246c54b8041	'https://geograph.org.uk/profile/43729'
3b4ba9c4-55ae-4b1d-a298-685dcf0369e5	'https://geograph.org.uk/profile/6337'
3b5eeb1a-2d73-43e1-ab92-e97106d1dfc7	'https://geograph.org.uk/profile/10804'
3bb42d1d-3c63-4f6b-8ee4-c63111f6727b	'https://www.flickr.com/photos/45354537@N03'
3c1083fb-d001-422e-9540-412d57425261	'https://geograph.org.uk/profile/13963'
3c1acced-bd7d-4009-8be1-dd0084eae25c	'https://geograph.org.uk/profile/35313'
3ca26eb2-ac95-409b-a8ed-f4b9c0de1b7b	'https://geograph.org.uk/profile/46229'
3cd64e6a-1786-41c2-aa25-50ad050493d0	'https://www.flickr.com/photos/63299533@N00'
3dc8758d-f170-4888-b3c7-341d93f53244	'https://geograph.org.uk/profile/7629'
3e21bc84-d5ae-47cd-8c34-495b382e1e0a	'https://www.flickr.com/photos/41152587@N00'
3e896845-9d82-4e81-a5dd-f98679e1c9cf	'https://geograph.org.uk/profile/28338'
3ebb96f0-462e-4f8c-85fc-8ef343b3dd73	'https://geograph.org.uk/profile/27184'
3ebcbfc9-efb4-4a21-8067-f0c93b2f5387	'https://www.flickr.com/photos/62848183@N03'
3f6221e8-d325-4b6a-b3f5-0f0fe22c3402	'https://geograph.org.uk/profile/39302'
3ec75165-a19f-403e-936d-1779e0c61428	'https://geograph.org.uk/profile/1712'
3ec7569c-2c30-4803-b01b-51afdbad06da	'https://www.flickr.com/photos/28086037@N00'
3eff0d9c-65be-4974-a6d2-2cf92a9f8b6d	'https://www.flickr.com/photos/16447954@N02'
3f0f62f3-bbb4-44c7-a6a5-ee446f229c90	'https://www.flickr.com/photos/60787308@N07'
3f87d282-1b56-4350-bb83-105c3a61f557	'https://geograph.org.uk/profile/11775'
3fb5d8ef-746d-4bda-9a29-a4b63094522d	'https://www.flickr.com/photos/51021983@N00'
3fea6fa7-c6b0-4765-961d-31977b97b6b3	'https://www.flickr.com/photos/51313580@N08'
3ff31238-eaf9-4cb4-bd34-eb8c990166f3	'https://www.flickr.com/photos/32345112@N00'
467d8407-e88a-4545-91d3-43d79090f116	'https://www.flickr.com/photos/42751184@N06'
4306571c-bfb5-4c6d-82ca-008a98861f5a	'https://www.flickr.com/photos/28708174@N00'
43200c24-9e5b-48bc-acb5-094600619349	'https://www.flickr.com/photos/99480086@N05'
4337dd8a-85ab-419b-b77a-7d655f26178b	'https://www.flickr.com/photos/21095987@N00'
4345dd1a-6dad-4ef0-8149-9ac7b4e12900	'https://geograph.org.uk/profile/39302'
43484472-b797-4522-a793-fd8c8a812620	'https://www.flickr.com/photos/15259936@N00'
43851830-9172-4b1e-9a7f-9178bbfe67d3	'https://www.flickr.com/photos/100759833@N05'
44e8e2ee-b3cc-4757-9ae1-060f72d4efc7	'https://geograph.org.uk/profile/8569'
463026db-7f24-4ae0-830e-d8b4c5a0e2e2	'https://www.flickr.com/photos/28708174@N00'
45e75d0e-2f73-4721-a560-fd986e8f741e	'https://geograph.org.uk/profile/8378'
4628481f-265c-4b00-a6bb-7ebb2c6008ac	'https://www.flickr.com/photos/21868456@N04'
4648492a-dcd7-4070-902b-1ce05e35f8c7	'https://geograph.org.uk/profile/3141'
464fba49-0e5e-4415-8e9b-af99709661a2	'https://geograph.org.uk/profile/2610'
4664ffa0-50d3-4c94-b7a9-956ca02a254a	'https://geograph.org.uk/profile/5089'
4723710a-a3b2-4744-8c81-4aec0a324387	'https://www.flickr.com/photos/53005683@N00'
4765483f-3b08-4224-8554-0f4120744550	'https://geograph.org.uk/profile/39302'
47b66cca-a327-4eab-8a37-80193dec92ab	'https://geograph.org.uk/profile/3101'
47c85874-a3ba-4219-ba93-ad459bcd9653	'https://geograph.org.uk/profile/9181'
47e9fbc5-0411-4664-9ad5-0fb7d087c67a	'https://www.flickr.com/photos/63299533@N00'
4837a392-407e-4ecf-b3bc-6c70656cc43b	'https://www.flickr.com/photos/62769569@N05'
484a0a45-d190-441a-bc83-95164ddd1dae	'https://www.flickr.com/photos/52619519@N00'
4862caa0-f73c-4972-b8d5-5de890b760b7	'https://geograph.org.uk/profile/11162'
48e85ef9-f5df-4123-b7b9-e6edef44652f	'https://www.flickr.com/photos/53808741@N07'
490fca76-eada-487c-840a-af6792b68ff4	'https://geograph.org.uk/profile/1782'
494ca1fc-a1a3-4646-8d52-12f5b68bd69b	'https://www.flickr.com/photos/53215805@N00'
495a649f-f2d2-4bca-9585-32db4fea707e	'https://www.flickr.com/photos/35336074@N00'
498cfdd8-94f1-4d75-964d-1b5e3bd30a50	'https://geograph.org.uk/profile/7629'
49c75a7b-d39f-4738-b443-2fe125c2362a	'https://www.flickr.com/photos/42559945@N08'
49cb9c2f-9425-4f70-b8f1-60314aff2972	'https://geograph.org.uk/profile/9905'
49f05329-ebed-49b8-b337-114851babc1a	'https://geograph.org.uk/profile/5299'
49f40d52-f7df-4700-9843-c68572b8a88f	'https://geograph.org.uk/profile/9441'
4af9a892-1602-4ed6-b410-fc050f361d6d	'https://geograph.org.uk/profile/3101'
4b1f299e-a2a4-4aaa-882e-8b4d7b72186c	'https://www.flickr.com/photos/26633708@N04'
4b516573-a1f0-45bb-9fe8-9a02afdfde38	'https://geograph.org.uk/profile/9419'
4b6f0e2a-c8a7-411b-95ec-eafb17dab89e	'https://www.flickr.com/photos/53153433@N03'
4b8b196c-985c-4499-93de-5457cfb274db	'https://geograph.org.uk/profile/17822'
4bd34073-3175-4446-a6d1-fa6852741787	'https://geograph.org.uk/profile/3972'
4bd74754-1905-4694-8fa7-75e68e508ac5	'https://geograph.org.uk/profile/1782'
4c0bd1ff-2f62-4af7-b48b-2675570b77a7	'https://www.flickr.com/photos/70964793@N00'
4cc1b7c4-f2a5-426c-b226-22b8dbb8bff0	'https://geograph.org.uk/profile/4482'
4cf78f13-4975-4915-8178-194a6f68cb6f	'https://geograph.org.uk/profile/6597'
4d0399e2-5ed8-4db0-8318-1cccede450fc	'https://geograph.org.uk/profile/9274'
4d26afea-46a3-4e10-b437-fb06cec1d29e	'https://www.flickr.com/photos/43970740@N05'
4d5e795a-1e40-4454-bc1c-997977d3392d	'https://www.flickr.com/photos/106707265@N05'
4ddf98ce-2901-4510-917b-957006d9410e	'https://geograph.org.uk/profile/21325'
4dfcac7d-49f9-4d30-a747-174746113405	'https://www.flickr.com/photos/43970740@N05'
4e1dc168-dc21-4091-bbd7-263f3cd6f576	'https://www.flickr.com/photos/31363435@N07'
4e29461b-dd5f-4d37-b523-64705a56e817	'https://geograph.org.uk/profile/21460'
4e2e3790-3406-477a-9eee-5a59c821645f	'https://www.flickr.com/photos/45241451@N00'
4ef846fc-42c8-4026-bf4a-0fe049785618	'https://geograph.org.uk/profile/18158'
4f2d0c85-f443-461a-9216-afd5015538ab	'https://www.flickr.com/photos/146269332@N03'
4f3fb725-f148-4a14-a624-7141d549ccd9	'https://geograph.org.uk/profile/3546'
4f70f6bc-605a-4043-9385-d84b249dd3ad	'https://www.flickr.com/photos/150386686@N03'
4fc980ca-926b-4fdf-b981-46283d6af2dc	'https://geograph.org.uk/profile/24620'
4ff8ff03-c217-441d-9a5d-80d1a432cc68	'https://www.flickr.com/photos/26650236@N07'
54343c41-a252-487f-978b-f779747ce4c1	'https://www.flickr.com/photos/14533238@N00'
5444b947-77ca-4763-a3f0-cf23c9203509	'https://geograph.org.uk/profile/560'
56301bc3-dab7-49f7-a1d9-fa0c0eba7e2e	'https://www.flickr.com/photos/36217621@N00'
5630e07f-fb0c-4af6-afa3-98a5f50dfc40	'https://geograph.org.uk/profile/14878'
565819ab-1e2f-4889-a541-6d59d98a2030	'https://www.flickr.com/photos/54322086@N00'
58212ef0-7307-4cd4-9da8-829323453c9a	'https://geograph.org.uk/profile/14368'
5a8861ea-4b20-4cb4-9b90-a3123825ce2a	'https://geograph.org.uk/profile/35313'
5a94e378-8013-44cb-ada7-4322e6ebc89d	'https://geograph.org.uk/profile/22769'
5a9b661d-f36f-4280-abc7-2ccd00397594	'https://geograph.org.uk/profile/7056'
5a9f023a-3778-4fad-aff6-3cca23ad6636	'https://geograph.org.uk/profile/4474'
5ab0e75b-e468-4155-a37b-a102874ba984	'https://geograph.org.uk/profile/9181'
5b11cf1b-3e40-4526-bdda-b30e153a38ea	'https://geograph.org.uk/profile/2159'
5b18da50-668c-4776-9f56-cd88ba29c7ec	'https://geograph.org.uk/profile/10124'
5b7cb598-58c9-43b6-b120-0479014f166b	'https://www.flickr.com/photos/43840881@N06'
5ee984ea-5d29-40b2-b1b0-8eea147ce2fb	'https://www.flickr.com/photos/73092909@N00'
5c132967-403f-41a0-832a-5687fe5e317b	'https://geograph.org.uk/profile/43723'
5c766e37-b9a2-454e-a7e3-bfc1b0241bd3	'https://geograph.org.uk/profile/28941'
5c775a69-c0d7-4441-8200-859a1fedd285	'https://www.flickr.com/photos/57956947@N02'
5cc64346-262b-42cf-abb1-7646d4d1d1c3	'https://geograph.org.uk/profile/32299'
5d14279e-ed6a-46b4-8503-0421f9840fe9	'https://www.flickr.com/photos/69108293@N00'
5d50aca2-1d59-4996-83eb-f63f36bedca9	'https://geograph.org.uk/profile/5089'
5d569be7-5b76-400c-99f6-9c3ca959fbfb	'https://www.flickr.com/photos/87642443@N05'
5da14cf5-cf9d-4165-b78f-a6f1fefe47e1	'https://geograph.org.uk/profile/19336'
5dcbfbf1-119d-48cc-887c-8563be577697	'https://www.flickr.com/photos/51531101@N00'
5efa736c-a63c-459e-81d1-fc6303d21b69	'https://www.flickr.com/photos/28576071@N00'
5de987d3-acf0-4108-bc55-b4a1ac29c8c9	'https://geograph.org.uk/profile/41544'
5df5b09d-a1ed-4804-b8e1-db1c09278b05	'https://www.flickr.com/photos/57604326@N03'
5e35b325-7da1-4620-9250-14643ae1b02c	'https://www.flickr.com/photos/59333811@N02'
5e4d5296-c7f9-4427-857e-d136c094ae59	'https://www.flickr.com/photos/91379894@N00'
5eac5556-86cb-4643-a643-b9244185c96e	'https://geograph.org.uk/profile/48731'
5ec7ab7f-c4f7-4a9f-a8f0-5861d0cc6f54	'https://www.flickr.com/photos/41933973@N00'
5f6708e0-3fdb-4e5d-90fc-59fccc1d6a5d	'https://geograph.org.uk/profile/3101'
5f8f6f7e-33a4-4ac0-b5ff-eb3fa659f914	'https://geograph.org.uk/profile/1712'
5fe6da7d-6d93-47ab-98ff-c74d82ba1c2b	'https://www.flickr.com/photos/32345112@N00'
63f8bd9d-bfd9-4c74-b676-a7c34f9a2bdd	'https://geograph.org.uk/profile/3101'
6442c4d1-11a1-4fb7-ad71-9b7ae59803b2	'https://geograph.org.uk/profile/17822'
6445f8ac-7fc6-4d23-b091-cb28f2be7d51	'https://geograph.org.uk/profile/10124'
64473358-5eaa-45af-98a4-559b57e712a1	'https://geograph.org.uk/profile/21460'
667d8b4d-70fe-43fd-8ca4-553a566f56c9	'https://www.flickr.com/photos/10169648@N03'
66a6e5e1-33cd-4849-92f7-21ec73c2535d	'https://www.flickr.com/photos/7826246@N03'
6841e600-6aa1-4496-99c1-865dada8def9	'https://geograph.org.uk/profile/34461'
685c3eaf-b70d-47fa-bff5-0fe97c795492	'https://geograph.org.uk/profile/2639'
68c9e93a-4453-4a85-a14e-149cd775b86f	'https://www.flickr.com/photos/87997571@N00'
6c55f4ac-bf43-4899-9f4e-e02eb725d9fd	'https://www.flickr.com/photos/41194472@N06'
6a586d04-422d-49ea-9a49-e5b820487cba	'https://geograph.org.uk/profile/7629'
6a6461d8-5dce-44d3-b527-ad2948e830f8	'https://geograph.org.uk/profile/9181'
6a9a6578-c44d-4b55-959e-dce3012edce7	'https://www.flickr.com/photos/33895117@N00'
6a9b3853-1f1a-4283-842a-ce738b6dbff9	'https://geograph.org.uk/profile/7629'
6ab5eb92-e5ea-4de6-b86f-5cf8cf141c98	'https://geograph.org.uk/profile/15201'
6abcc50b-6b43-420d-9e05-cb0dccd9bdbf	'https://www.flickr.com/photos/22468999@N00'
6abfe7e4-f2e6-430c-bc58-837fa5844f99	'https://geograph.org.uk/profile/45095'
6b2e0b76-ad93-4ff2-ab52-bffb46b0c898	'https://geograph.org.uk/profile/3101'
6b58db4c-e04b-45bb-bf51-64bf5c0f6324	'https://geograph.org.uk/profile/20707'
6b91c6cb-2eee-4568-9835-2bf685665e71	'https://www.flickr.com/photos/51058534@N03'
6b961eff-0c87-43b0-9ce9-fd67ff65caa9	'https://geograph.org.uk/profile/19324'
6bdbb9fc-83ce-4f57-981b-f27d085aad03	'https://geograph.org.uk/profile/9715'
6bff879e-cdfc-491f-9188-27de1578f46f	'https://geograph.org.uk/profile/43729'
6c38bd20-60be-4d08-856d-9bfa068c3b5f	'https://geograph.org.uk/profile/13090'
6c8b74ae-a79f-4020-9a20-45225f492074	'https://geograph.org.uk/profile/43806'
6cb7abc7-db95-4ca0-a8e3-f42e07c19744	'https://geograph.org.uk/profile/7420'
6cbca563-ff3a-4403-ab4e-143bacc355a1	'https://geograph.org.uk/profile/11413'
6e9b5b06-5239-4545-bdfc-81f3433f88f7	'https://www.flickr.com/photos/28576071@N00'
6cc40233-8ec7-46e6-9517-031408f320d5	'https://geograph.org.uk/profile/3101'
6d0fa9ea-bf6f-41b0-95b4-25391bb8f24e	'https://geograph.org.uk/profile/39302'
6d3af835-a4b3-4403-9fb1-b9d50b3c70dd	'https://www.flickr.com/photos/150386686@N03'
6d662402-3481-4ec9-ba7a-0a798a91e2b3	'https://geograph.org.uk/profile/196'
6d74775f-8d28-4f18-a521-196552284dfe	'https://geograph.org.uk/profile/7774'
6d9611af-e078-4e7a-813c-954f1c7d1917	'https://geograph.org.uk/profile/4330'
6dc77f23-9130-4961-bb8b-75acb0260dbb	'https://www.flickr.com/photos/59367690@N00'
6e741a4d-e9b0-42b0-9fe0-888033cf2088	'https://geograph.org.uk/profile/22650'
6e8d5959-0219-4618-80c1-c8fdcb89fce5	'https://geograph.org.uk/profile/20991'
6f5dae0f-3e87-4345-b93c-11102b0f114c	'https://geograph.org.uk/profile/20032'
6f66b46c-62c2-4e43-8c2c-f903b905c411	'https://www.flickr.com/photos/42559945@N08'
6f9b537d-5f2b-42e3-9e75-0c1141ea5eaa	'https://geograph.org.uk/profile/3495'
6fb2a74e-dc20-4ef7-b238-d3484e311ed7	'https://geograph.org.uk/profile/17822'
6fc6c2d5-42f3-4bbf-8637-9348f3b355f0	'https://geograph.org.uk/profile/42541'
6fc92f3e-a64c-4edf-aa48-981f181792f4	'https://www.flickr.com/photos/146269332@N03'
6fe81dd8-7fc3-4242-bcbc-98f842151dbd	'https://www.flickr.com/photos/85009674@N00'
741ee3cf-08cf-4663-9c9e-6ea2e6da09bf	'https://geograph.org.uk/profile/8569'
7449c831-aeb2-4f7a-9acb-d2359ccbc5ba	'https://www.flickr.com/photos/91439252@N00'
766e9a2c-a5bc-45c0-a38f-4c75f7db1bda	'https://geograph.org.uk/profile/35305'
7886ec67-47cd-4aa3-b405-716c05c157d1	'https://www.flickr.com/photos/77074753@N00'
78d7ad0a-bcbf-4ac8-90ba-0fef462f85fd	'https://geograph.org.uk/profile/2466'
8d91a4d9-6d9f-47eb-b02d-7c53b835476f	'https://www.flickr.com/photos/106707265@N05'
7a9543aa-2bd9-4514-a39b-88e240c10a7c	'https://geograph.org.uk/profile/1782'
7a9e7ae6-a17a-42d7-96ba-ebd562cc5104	'https://www.flickr.com/photos/9522046@N05'
7b1de7e1-d29c-4ab7-a43c-fc13432950a8	'https://geograph.org.uk/profile/14840'
7b3a8560-c4b5-4aa6-bf6d-db77ac0465a0	'https://www.flickr.com/photos/34266209@N00'
7b727f91-e329-4cc9-a38f-f7aeb36259a2	'https://geograph.org.uk/profile/4460'
7bee50ac-5f3f-444d-a960-60e4e17dfeab	'https://www.flickr.com/photos/40708596@N00'
7d10f16a-269f-4eaf-ac8d-8af708444098	'https://www.flickr.com/photos/62769569@N05'
7c387e6e-e942-4e18-8623-7144306721ae	'https://www.flickr.com/photos/79832321@N00'
7c593af4-d956-4a71-908b-2f3f5edc18ad	'https://geograph.org.uk/profile/25416'
7c5cf4a1-403e-4d08-b828-b52e4b1da09d	'https://geograph.org.uk/profile/3101'
7ce83d14-d7c4-4871-9eef-0403a0f5e271	'https://www.flickr.com/photos/66158934@N03'
7d0e67f4-d769-48c9-b3a1-a7fce77e5891	'https://geograph.org.uk/profile/22573'
7db13df8-5d42-46c5-b961-6831e6e4c71f	'https://www.flickr.com/photos/16319318@N00'
7db8e1df-c6c4-4293-96ee-a82cad87e955	'https://www.flickr.com/photos/28708174@N00'
7db969ce-41bc-4c5f-9b2c-ac2d2f95973f	'https://geograph.org.uk/profile/14840'
7def5a94-af71-4e81-be93-c4c58580fdf3	'https://www.flickr.com/photos/24402919@N06'
7e2d0bfc-a200-4a8d-8e4f-c02a4bc1eecb	'https://geograph.org.uk/profile/9274'
7e33badd-4d77-4a13-ade7-22ec7e0d8fe3	'https://geograph.org.uk/profile/4264'
7eae8221-c9de-405e-9fa4-95deb14b36d2	'https://geograph.org.uk/profile/12735'
7ec19d30-75c7-4591-8f5e-0471e1e1c17b	'https://geograph.org.uk/profile/41544'
7ecc7986-ce27-4142-9a36-ca23b0eb6278	'https://geograph.org.uk/profile/21251'
7f074c8c-a8f2-4e06-a4ed-bcba550c613c	'https://www.flickr.com/photos/23312561@N00'
7f07d54b-e3f0-47cd-9208-4b0cd26b031c	'https://geograph.org.uk/profile/24143'
7f207d9e-e885-4847-9104-4f1482b23cbc	'https://geograph.org.uk/profile/15341'
7f358080-b8e3-4255-bb62-5cc563b335ca	'https://www.flickr.com/photos/44811558@N02'
7fb4a30f-c632-48c7-aea6-29aeb0eec595	'https://www.flickr.com/photos/51523365@N00'
7feb8d57-de46-4bd2-91a1-2619d75b0c85	'https://www.flickr.com/photos/66351362@N00'
86e6ee67-3f4c-46fa-905d-994516daa1da	'https://www.flickr.com/photos/28708174@N00'
88b60347-353b-4ded-a44c-4efcb72d5d9d	'https://geograph.org.uk/profile/28657'
8969e5bd-697c-48ed-8f59-64a0ed79e857	'https://geograph.org.uk/profile/10124'
8ac6d38d-751d-4dff-b549-2c2b93ce2e2c	'https://www.flickr.com/photos/36809608@N05'
8ace0e2d-01a7-44df-bd59-a47dfc8fc042	'https://geograph.org.uk/profile/2831'
8c009d31-4bac-4b0f-ba38-43d334eab7d7	'https://geograph.org.uk/profile/11413'
8c333812-fade-495c-83ba-44ec9bfb31c9	'https://geograph.org.uk/profile/180'
8c4b10fe-1c34-4439-b0e3-2b8ca3d6d064	'https://geograph.org.uk/profile/7056'
fdccc8d6-22a1-4421-87cb-6b9d19e6be17	'https://www.flickr.com/photos/32754161@N00'
8e627b9d-6b1a-4566-8566-7f71f4236c15	'https://geograph.org.uk/profile/16999'
8e7f0c2a-9616-49f1-a3df-6cede5b63cdd	'https://geograph.org.uk/profile/4827'
8ea61a87-4a86-4e89-8270-6929959a47b6	'https://geograph.org.uk/profile/82669'
8f441a14-1cb3-481a-9665-c9760e4fa8aa	'https://geograph.org.uk/profile/3101'
8f562e8c-b22f-4880-8ddc-bbd2ae75a7f4	'https://www.flickr.com/photos/85542675@N00'
8f956cb4-3eed-4276-94f9-776c018a4840	'https://www.flickr.com/photos/68989132@N00'
8faefe2c-e33a-480d-9c1e-0892b818e5af	'https://www.flickr.com/photos/74308895@N00'
8fe6cc2b-b2f1-4e83-aa7b-dc90aba37647	'https://www.flickr.com/photos/84056180@N00'
8fef728b-f058-4484-9af0-385b8685915b	'https://www.flickr.com/photos/19769402@N00'
a6a129df-4a29-49ff-bb85-64a4ff4e63e8	'https://www.flickr.com/photos/34857138@N00'
ae0d10e1-c18c-4aa3-ae49-557b6717bbd5	'https://geograph.org.uk/profile/27184'
a86dac39-6c6b-4c2a-bd71-e09cbb81ffaa	'https://www.flickr.com/photos/99663364@N00'
a8a119f1-75f2-4896-a66b-ba56cee4e08c	'https://geograph.org.uk/profile/1904'
a8e89d17-394d-4c8b-9600-0cd1dca043e0	'https://geograph.org.uk/profile/79357'
ae147ce6-6c4c-4265-aac8-69f056e3945d	'https://geograph.org.uk/profile/22875'
afca5014-0677-4175-b052-0c98cfd0d167	'https://geograph.org.uk/profile/30470'
b88bd355-0676-4c37-8b06-07e8e1776bad	'https://www.flickr.com/photos/29392024@N05'
b88d84fc-42de-4919-aad9-cbed6bbdcde3	'https://www.flickr.com/photos/19512988@N00'
c6b08c90-a917-4a8e-843f-f9610bb0a2db	'https://www.flickr.com/photos/36076461@N00'
c6fbd27c-724f-42d1-8241-9433249b1521	'https://geograph.org.uk/profile/14368'
c8b075a5-13e9-44a7-ac11-5280590f629f	'https://geograph.org.uk/profile/32413'
ce5976a3-621d-4084-ade8-9c80d402b842	'https://geograph.org.uk/profile/22650'
ce5fa371-f18a-4db5-89d5-4838317c3569	'https://geograph.org.uk/profile/26362'
d67b24a3-42d5-47c5-ae3b-369d5f1548b6	'https://www.flickr.com/photos/89277112@N00'
d87b9174-432a-4282-b892-84be1dfa4770	'https://geograph.org.uk/profile/1667'
d87d9ef0-96be-4a13-b103-212f4d23ffb5	'https://geograph.org.uk/profile/3101'
d87e3040-aaf6-4a22-8e35-3168bb04ed49	'https://www.flickr.com/photos/62769569@N05'
dd959e04-94c5-46b1-bf06-9fbcaf116ffc	'https://www.flickr.com/photos/65308917@N00'
dfbd4906-334f-4902-97cc-df583e5c8967	'https://www.flickr.com/photos/54004987@N00'
e88b0c25-9972-42d0-be56-d170837fff13	'https://www.flickr.com/photos/82394503@N00'
e8b7c93f-26b3-4cec-85bf-ec396c4d79f4	'https://geograph.org.uk/profile/46997'
f700ef8e-e996-41b2-8399-7977d80cd7ea	'https://geograph.org.uk/profile/17441'
f8e5b282-a07c-460d-97ca-47271a209c90	'https://www.flickr.com/photos/43045536@N08'
f9555dcd-5af8-464a-9dbb-d6fcd12c695b	'https://geograph.org.uk/profile/18677'
f9582b24-2a93-45d0-a20d-71447130ce59	'https://geograph.org.uk/profile/11162'
fbc4cdca-e85d-474a-9b1a-12ae3d3fdf63	'https://www.flickr.com/photos/62769569@N05'
fc02f44b-7a8c-4760-8678-3acd679b914e	'https://www.flickr.com/photos/53035820@N02'
fc2d253b-3784-4f39-aac1-af68680a5102	'https://www.flickr.com/photos/77138929@N00'
fc633b59-6902-4fc4-ae1d-2e454a6b7bec	'https://www.flickr.com/photos/62769569@N05'
fc9eb671-be3e-4ba8-a712-93c5f1b6f98b	'https://geograph.org.uk/profile/11775'
fd0882b2-9425-468d-ba81-cfdc68cd6a1e	'https://geograph.org.uk/profile/28954'
fd7ec3e4-617d-44c2-abf6-81c597c5b76b	'https://geograph.org.uk/profile/37389'
fdd20c9e-f3db-4ea3-8183-4f203c5df6fa	'https://geograph.org.uk/profile/3176'
fde8031f-fe44-482d-88ec-d9bcfc25026a	'https://geograph.org.uk/profile/3101'
fe9c2fb4-4d81-40f2-8193-43c0a2802745	'https://www.flickr.com/photos/26086448@N00'
ff019bfc-803d-4790-b0a2-35f764075dbb	'https://geograph.org.uk/profile/15376'
ff020b6c-616f-4351-a261-64fab7418f9b	'https://geograph.org.uk/profile/46229'
ff0de946-a836-49fa-9707-2a9281e60d5e	'https://www.flickr.com/photos/53377826@N07'
ff1db170-a479-490b-9d6d-d709809daf82	'https://geograph.org.uk/profile/32477'
