17a31178-0e5e-4cd1-92fb-d478b499ab29	'https://www.flickr.com/photos/56495646@N00/499622538'
2a799b10-8779-4cf7-a393-45503b128382	'https://www.flickr.com/photos/42303487@N02/3973553380'
3a03a441-e761-42a6-904a-c92819832ef1	'https://www.flickr.com/photos/160920074@N06/31271233067'
51e84770-40cb-4204-98e4-35bee1896aa5	'https://www.flickr.com/photos/53005683@N00/1016741462'
5d5419b0-8f60-4dce-b32f-84cfc1c6298e	'https://www.flickr.com/photos/59059102@N05/31272349357'
67114e8e-d783-49b3-a3d5-604feadffe77	'https://www.flickr.com/photos/52184457@N00/8372055226'
9751b91f-8068-47ad-bd7d-67f08c8a5180	'https://commons.wikimedia.org/w/index.php?curid=85383563'
17a31178-0e5e-4cd1-92fb-d478b499ab29	'https://www.flickr.com/photos/56495646@N00/499622538'
2a799b10-8779-4cf7-a393-45503b128382	'https://www.flickr.com/photos/42303487@N02/3973553380'
3a03a441-e761-42a6-904a-c92819832ef1	'https://www.flickr.com/photos/160920074@N06/31271233067'
51e84770-40cb-4204-98e4-35bee1896aa5	'https://www.flickr.com/photos/53005683@N00/1016741462'
5d5419b0-8f60-4dce-b32f-84cfc1c6298e	'https://www.flickr.com/photos/59059102@N05/31272349357'
67114e8e-d783-49b3-a3d5-604feadffe77	'https://www.flickr.com/photos/52184457@N00/8372055226'
9751b91f-8068-47ad-bd7d-67f08c8a5180	'https://commons.wikimedia.org/w/index.php?curid=85383563'
17a31178-0e5e-4cd1-92fb-d478b499ab29	'https://www.flickr.com/photos/56495646@N00/499622538'
2a799b10-8779-4cf7-a393-45503b128382	'https://www.flickr.com/photos/42303487@N02/3973553380'
3a03a441-e761-42a6-904a-c92819832ef1	'https://www.flickr.com/photos/160920074@N06/31271233067'
51e84770-40cb-4204-98e4-35bee1896aa5	'https://www.flickr.com/photos/53005683@N00/1016741462'
5d5419b0-8f60-4dce-b32f-84cfc1c6298e	'https://www.flickr.com/photos/59059102@N05/31272349357'
67114e8e-d783-49b3-a3d5-604feadffe77	'https://www.flickr.com/photos/52184457@N00/8372055226'
9751b91f-8068-47ad-bd7d-67f08c8a5180	'https://commons.wikimedia.org/w/index.php?curid=85383563'
17a31178-0e5e-4cd1-92fb-d478b499ab29	'https://www.flickr.com/photos/56495646@N00/499622538'
2a799b10-8779-4cf7-a393-45503b128382	'https://www.flickr.com/photos/42303487@N02/3973553380'
3a03a441-e761-42a6-904a-c92819832ef1	'https://www.flickr.com/photos/160920074@N06/31271233067'
51e84770-40cb-4204-98e4-35bee1896aa5	'https://www.flickr.com/photos/53005683@N00/1016741462'
5d5419b0-8f60-4dce-b32f-84cfc1c6298e	'https://www.flickr.com/photos/59059102@N05/31272349357'
67114e8e-d783-49b3-a3d5-604feadffe77	'https://www.flickr.com/photos/52184457@N00/8372055226'
9751b91f-8068-47ad-bd7d-67f08c8a5180	'https://commons.wikimedia.org/w/index.php?curid=85383563'
17a31178-0e5e-4cd1-92fb-d478b499ab29	'https://www.flickr.com/photos/56495646@N00/499622538'
2a799b10-8779-4cf7-a393-45503b128382	'https://www.flickr.com/photos/42303487@N02/3973553380'
3a03a441-e761-42a6-904a-c92819832ef1	'https://www.flickr.com/photos/160920074@N06/31271233067'
51e84770-40cb-4204-98e4-35bee1896aa5	'https://www.flickr.com/photos/53005683@N00/1016741462'
5d5419b0-8f60-4dce-b32f-84cfc1c6298e	'https://www.flickr.com/photos/59059102@N05/31272349357'
67114e8e-d783-49b3-a3d5-604feadffe77	'https://www.flickr.com/photos/52184457@N00/8372055226'
9751b91f-8068-47ad-bd7d-67f08c8a5180	'https://commons.wikimedia.org/w/index.php?curid=85383563'
0ea96417-6679-4cce-b2e7-cccf4dfab2a5	'https://www.flickr.com/photos/70682842@N00/72222692'
1254da63-b724-4ab2-8f84-81b2d9417d88	'https://www.flickr.com/photos/15805303@N00/5463533504'
129a8146-e34f-4c04-88ea-e744747b6e8b	'https://eol.org/pages/3687267/overview'
1a02a65c-20ae-445e-900a-0d36c620b168	'https://www.flickr.com/photos/59769947@N08/5511088498'
1560b5a3-dbf3-4663-a2bd-886f6b2b5787	'https://www.flickr.com/photos/146269332@N03/46962024081'
156aacaa-d138-466e-994c-617c9467b1c6	'https://www.flickr.com/photos/95591029@N00/5992223472'
168141e0-15d3-45e5-81fa-df7d6f9c63f1	'https://www.flickr.com/photos/15805303@N00/5462984561'
5b7bbcda-c5ca-44eb-aeca-deeb1a1609f7	'https://www.flickr.com/photos/51313580@N08/5474303860'
16e44580-602a-49ff-a8eb-c3e5cee6b8da	'https://www.flickr.com/photos/10237252@N08/5316314075'
17afc99b-2c39-4abd-90e6-a141018342cb	'https://www.flickr.com/photos/37464210@N00/9646318512'
17c3f354-aebb-4fb8-a03c-0404926f3fdd	'https://www.flickr.com/photos/10169648@N03/5638250468'
17e6cbdf-2906-4b12-9966-6372754b4c98	'https://www.flickr.com/photos/90118575@N00/2467851327'
ae10eb90-e83c-4dbe-9270-342ffb6c4fa3	'https://www.flickr.com/photos/31762555@N03/11641261943'
180e548b-cb9e-4bca-89ad-1c03bb67e751	'https://www.flickr.com/photos/27003603@N00/5802189124'
18743945-91fe-48a4-8dbd-7d1b6250cc09	'https://www.flickr.com/photos/23452261@N07/5512570543'
18968666-c3e8-4230-bb88-4b38bc2ee0aa	'https://eol.org/pages/68/overview'
18d7ff3a-8c0b-421b-99b1-74cf7833c43f	'https://www.flickr.com/photos/33588799@N00/5536738317'
18d9e6f9-3f5d-4cb1-bbb6-6fdb93fa341a	'https://www.flickr.com/photos/22468999@N00/74044053'
190f6dc6-8efd-4d4a-8571-bab7d95d0ac9	'https://eol.org/pages/1865/overview'
19146dd3-8f7f-43cc-ba00-b2d32173e68c	'https://digitaltmuseum.org/021027953018/stop/media?slide=0'
1a5dd277-7a07-4de9-8d6c-866763972940	'https://www.flickr.com/photos/29143164@N00/79864047'
1a60b256-d05d-416a-81f6-c5ea6988ba8e	'http://www.eol.org/pages/840655/overview'
1aa8e750-ae5d-4049-9378-683f37f0bdc8	'http://www.eol.org/pages/41309/overview'
1c22c249-0101-415c-bb4a-406f72b72da3	'https://eol.org/pages/92447/overview'
1c4a059a-7a26-4c81-b6ea-d7d7f92839c5	'https://eol.org/pages/100735/overview'
1c6ccea7-d904-42d0-b5fa-1d9de538f8fe	'https://www.flickr.com/photos/59692018@N00/76127692'
1c881733-baab-4a80-bbe0-3c41d3dcf294	'https://www.flickr.com/photos/55345916@N05/5772104519'
1cd7e16c-25e4-494d-a517-595b31adaeb9	'https://www.flickr.com/photos/75181076@N00/6111299887'
1d1e67f9-604e-4a31-8282-269d19c84210	'https://eol.org/pages/2556083/overview'
1d6b6cf3-cd0a-4c47-948a-1617188d11f2	'https://www.flickr.com/photos/43840881@N06/5689603233'
1e404ffa-afbd-4af8-b7b1-2579c528aec9	'https://www.flickr.com/photos/81086056@N00/5636421251'
1e50bbc6-88b4-4d51-b2b0-4f4c777bb137	'https://www.flickr.com/photos/61290435@N08/5576123360'
1e73f6e7-ed0c-4cfc-bd7e-b037a0c83cef	'https://www.flickr.com/photos/14652587@N05/5879761807'
1f216fda-fe3b-4066-8dcf-204efb21f95f	'https://www.flickr.com/photos/28708174@N00/11152019903'
1f4b4da7-e7f7-4e83-9ed8-66831d56a112	'https://eol.org/pages/3047608/overview'
1fe1ec9e-3a99-4f60-9e83-ba4971b19b97	'http://www.eol.org/pages/201388/overview'
2a799b10-8779-4cf7-a393-45503b128382	'https://www.flickr.com/photos/42303487@N02/3973553380'
2246051e-9cd1-46d9-930e-762beea53439	'http://www.eol.org/pages/385/overview'
23bda72a-8c95-4523-ab88-bdf234fe53a9	'http://www.eol.org/pages/219816/overview'
23c3bf10-44a8-4383-aef7-0e2d10109a3c	'https://www.flickr.com/photos/71370732@N04/15756128288'
24b1ce72-457b-456a-977f-8d6fc7c8aeac	'https://www.flickr.com/photos/30942978@N03/6504899675'
24bd2f0b-e7a4-4c3f-ac5e-804aae4f39db	'https://eol.org/pages/486412/overview'
25b12bbe-cfd6-4cf4-953f-3a6930784e55	'https://eol.org/pages/49341/overview'
2a89a5f4-7a52-4155-8b94-4fd70d376afe	'https://www.flickr.com/photos/98934778@N05/11243873546'
26b45091-03d2-4434-b0f4-77fa1a245771	'https://eol.org/pages/4342241/overview'
26bc38de-b5da-46b0-b2be-d112ec087b01	'https://www.flickr.com/photos/51035589339@N01/79340415'
26bc5d04-3242-494b-9f70-845b93d25bd0	'https://www.flickr.com/photos/41894165897@N01/6038853601'
26d42104-fa16-4d1b-b349-99343aff5d5a	'http://www.eol.org/pages/1182560/overview'
2a9bd722-38f4-424e-b564-7bf7e12346fc	'https://eol.org/pages/4920897/overview'
27729790-6390-4f56-baa3-fd02ab269c77	'https://www.flickr.com/photos/38928365@N06/5323804638'
27a65a85-e42f-4b4c-84d8-f0c795c16c2f	'https://www.flickr.com/photos/63889369@N03/5815641885'
27ee4799-cb0f-4d7b-b781-9b556bebded0	'https://eol.org/pages/2850728/overview/'
27ee9daa-3ff6-43de-88b0-2d257e382536	'https://www.flickr.com/photos/31945085@N00/79961784'
2833b463-0361-4e2d-866c-d4f06bd0b466	'https://eol.org/pages/33004/overview'
2849a0c2-afd2-4f9d-bb61-23751901e50b	'https://eol.org/pages/39326/overview'
2a33adb1-dd27-4778-8a3d-2306e518b01a	'https://www.flickr.com/photos/62769569@N05/40761790270'
28e9a7ec-47fd-43df-8e88-8d73b2818470	'http://www.eol.org/pages/1034853/overview'
2ad69a93-c2ef-46f7-b721-287940e6d6db	'https://www.flickr.com/photos/138071069@N06/42870502112'
290a1850-2e64-4588-86c3-1b5ebd828fa3	'https://www.flickr.com/photos/21197278@N00/6114372995'
290e3a3b-b0b2-4aa3-a3b6-796213cd84a5	'https://www.flickr.com/photos/25667903@N00/8394961039'
2938a0fc-9bde-48a8-9074-6bb961f3c1ec	'https://eol.org/pages/2772322/overview'
297db005-35d8-420d-be8a-ef5957037109	'https://www.flickr.com/photos/47546086@N00/5636911687'
2a0e3d02-73ff-48b7-bf57-6458fc9fa611	'https://www.flickr.com/photos/59427598@N07/6061003194'
2af83c37-84d7-479a-bf17-ca4c4de87ab9	'https://www.flickr.com/photos/53367916@N00/3707931535'
2b6e5758-61a8-4052-9267-8f247c7119f8	'https://www.flickr.com/photos/37996603748@N01/6119655457'
2bc9ea8f-fd49-4325-9dea-86a24d38fa28	'https://eol.org/pages/49231/overview'
2c1289b6-6996-4de1-b4ef-2703b2864ecb	'http://www.eol.org/pages/9861/overview/'
2c18c41d-4537-4d2e-a137-918ffefbae49	'https://www.flickr.com/photos/40288548@N05/3707805351'
2c280243-fe59-4337-baf9-ed3223b149aa	'https://www.flickr.com/photos/10169648@N03/5638250382'
2c69e309-c0dc-418d-b2e6-ed40d7ee4b3c	'https://www.flickr.com/photos/37862156@N03/6030411785'
2c85b0d4-de1c-4deb-9d5f-7516c42ae49e	'https://www.flickr.com/photos/53005683@N00/9623625786'
2ca6559d-6d5b-4be6-b3d7-05c5fa4adcfc	'http://www.eol.org/pages/5222168/overview'
2cd72b67-ca2d-4a33-9050-712aea052c47	'https://www.flickr.com/photos/46095695@N06/5799004326'
2d187a51-f3a1-4247-a12b-35719e10996b	'https://www.flickr.com/photos/49503177654@N01/6337794968'
2d270469-0c86-4ebe-85b8-a985b3342af3	'https://eol.org/pages/176485/overview'
2d5aee3f-60ca-4f0a-b747-511d316fa8cd	'https://www.flickr.com/photos/67513462@N00/5810685219'
2e821986-6654-4e4a-8938-a4ba612d2209	'https://www.flickr.com/photos/48741238@N00/2049356703'
2d8cf1d9-30c7-4808-9d3c-7ded53bce0d8	'https://www.flickr.com/photos/34907157@N08/3708542805'
2d98604e-2e81-4ac9-89f1-6863bd20a828	'https://www.flickr.com/photos/10169648@N03/5638249896'
2dbefdfa-9d19-42d7-9d18-133459309732	'https://www.flickr.com/photos/28708174@N00/11157590803'
2e4863d7-128f-4e46-a7ca-21580eb249b0	'http://www.eol.org/pages/13892/overview'
2e6e6c9e-10bc-4c13-b1a4-ca53baf2d9f8	'https://www.flickr.com/photos/86203458@N00/6006127423'
2ec54129-e52a-4776-9554-5b2ddbdcb811	'http://www.eol.org/pages/42290/overview'
2ecc6727-d747-43b3-a051-22117f00b799	'https://www.flickr.com/photos/64523854@N07/6016823871'
2ece0c8d-95e2-4814-a2bd-2a58627a8342	'https://www.flickr.com/photos/24526477@N06/6021936970'
2ef0fb61-0ff3-42af-9a6a-f46e04775e85	'https://www.flickr.com/photos/45037890@N08/5921407581'
2effda1b-4fb8-42f3-be86-c1d5634b0bf5	'https://www.flickr.com/photos/106707265@N05/11638045555'
2f163a43-a5ba-4e73-bbf7-1d635ef76147	'https://www.flickr.com/photos/46161602@N00/287869865'
2f27682a-4a49-4010-8927-d1646b9946aa	'https://www.flickr.com/photos/33192910@N07/5632905675'
2f64a096-15f4-495e-a448-5035c9c413ba	'https://www.flickr.com/photos/90518936@N06/11227072945'
2f857929-86bb-41ef-9254-25c19d8fc4ac	'https://eol.org/pages/33623/overview'
2f8e4da6-4469-439d-9d1b-2478948e8b2c	'https://www.flickr.com/photos/146269332@N03/47016378422'
2fdf70b8-4a4a-4dd6-b703-7d5d1bbfa0e0	'https://www.flickr.com/photos/81275975@N00/5999307235'
2ff9a053-f071-4d61-bf24-e4014bcf5d57	'https://www.flickr.com/photos/106707265@N05/11639050085'
2fffaee7-8779-4e75-8595-e0e721563d2a	'https://www.flickr.com/photos/59206851@N00/5802564521'
31c368fe-5795-45b6-b7d9-2784b39812de	'https://www.flickr.com/photos/58529036@N00/5447323510'
3618f498-4b7e-483f-b503-1068627ef3da	'https://eol.org/pages/218636/overview'
34816b9a-8e6e-43e9-b364-3d2c6cc90706	'https://www.flickr.com/photos/18269567@N05/5553707921'
3493d131-0a28-4c97-9dde-36859fa80583	'https://www.flickr.com/photos/55150789@N06/6076109499'
36417556-df32-4d44-8014-78dad41ff03b	'https://www.flickr.com/photos/8049570@N04/2485681666'
357e7c5b-d446-4db3-afae-70bbf677fc3f	'https://www.flickr.com/photos/84056180@N00/15173409761'
3582be16-128b-4d4c-b35f-1cb3f6b52602	'https://www.flickr.com/photos/17686968@N07/5725339513'
366f7c98-93f2-4da4-9300-19e8488ae817	'https://eol.org/pages/24214/overview'
3696db4a-3632-4b4d-b5cf-93446d935294	'https://www.flickr.com/photos/36921300@N00/5510009038'
3a6c6e0a-c8b4-4802-88cb-c65ad894845f	'http://www.eol.org/pages/11878878/overview'
37093383-e9be-413d-8a99-a48944222af9	'http://www.eol.org/pages/974545/overview?full=true'
371e2ff4-5855-466e-8a54-878ef7667555	'https://www.flickr.com/photos/35781156@N00/6279321430'
371f2d1e-c581-4470-8405-7d8d9e394d62	'https://eol.org/pages/101845/overview'
467d1e77-56b6-4bb0-a6b2-0b45451ca989	'https://www.flickr.com/photos/20446463@N04/2041524768'
3769daa9-3a47-4948-aaa6-685f9e5d559c	'https://www.flickr.com/photos/82394503@N00/6085267748'
37cc1133-3d0e-4289-a8e7-4ba8f0ff75be	'https://www.flickr.com/photos/97779350@N00/5679132778'
37dc305a-dc81-4463-b823-67166dc7e0f5	'https://www.flickr.com/photos/45105731@N04/15203031220'
37ec4777-f75c-45a1-9d73-637f01c4ae91	'https://eol.org/pages/26178/overview'
3931e0d7-f978-4a1e-a329-df1c27b9e004	'https://www.flickr.com/photos/106707265@N05/11638951004'
397d1efe-fa88-4b14-9599-0a59af05c725	'https://www.flickr.com/photos/39459981@N00/5585331272'
39a54e13-d696-4fcb-848f-a4d0467cee4f	'https://www.flickr.com/photos/23479164@N02/17610703385'
39fbc8a4-466f-46af-bce1-677c21ce9b1f	'https://www.flickr.com/photos/62831842@N00/5538799261'
3a091b3c-05b1-48f6-9952-093011eb1e7e	'https://www.flickr.com/photos/91715992@N00/5464047880'
3a27e51d-2427-4b39-8197-82201dfe30b4	'https://digitaltmuseum.org/021018464871/vykort-med-motiv-over-bunsowska-tjarnen-och-gustav-adolfs-kyrka-i-bakgrunde/media?slide=1'
3a9150b0-27ca-428e-8567-12f84a724dd7	'http://www.eol.org/pages/24472/overview'
3af282fa-28fe-439b-bc24-af1233c24d13	'https://www.flickr.com/photos/69802987@N00/5692312545'
3af606d0-a817-4071-b2d6-5ea57eaf3b96	'http://www.eol.org/pages/5544948/overview'
3af8a35b-4a94-4ab6-9e3a-12420fa7df04	'https://www.flickr.com/photos/31081945@N07/6042652906'
3afdbeb1-41eb-4989-873a-b8951bb19417	'https://www.flickr.com/photos/87807876@N00/5413335567'
3afe22ba-68ed-49a9-821e-8fb6dc6ba047	'http://www.eol.org/pages/92902/overview'
3bb42d1d-3c63-4f6b-8ee4-c63111f6727b	'https://www.flickr.com/photos/45354537@N03/5342692534'
3c9dda40-57ca-45c4-8231-7dea92a3376d	'https://digitaltmuseum.org/011024381845/bandolarrem/media?slide=0'
3cd64e6a-1786-41c2-aa25-50ad050493d0	'https://www.flickr.com/photos/63299533@N00/69556605'
3d7d4402-2f2b-4407-89de-8a77eba4a2de	'https://eol.org/pages/54091/overview'
3daf8f69-7bf9-493e-a4f9-475030fb424d	'http://www.eol.org/pages/28796610/overview'
3dbc7cae-13c2-4c6b-ad54-b8df79387899	'http://www.eol.org/pages/1182152/overview'
3e21bc84-d5ae-47cd-8c34-495b382e1e0a	'https://www.flickr.com/photos/41152587@N00/2041397290'
3ebcbfc9-efb4-4a21-8067-f0c93b2f5387	'https://www.flickr.com/photos/62848183@N03/5752213322'
3ec7569c-2c30-4803-b01b-51afdbad06da	'https://www.flickr.com/photos/28086037@N00/5727653233'
3ec81d40-3be0-46f4-807e-d349b27c5f47	'https://eol.org/pages/42182989/hierarchy_entries/59526943/overview'
3eff0d9c-65be-4974-a6d2-2cf92a9f8b6d	'https://www.flickr.com/photos/16447954@N02/11565496433'
3f0f62f3-bbb4-44c7-a6a5-ee446f229c90	'https://www.flickr.com/photos/60787308@N07/42345153555'
3f3cee57-1c44-4c90-bb5d-d55f9960c004	'https://digitaltmuseum.org/011014684772/invigningen-av-dag-wallins-konsnarliga-utsmyck-ning-inuit/media?slide=10'
3f770c67-5515-4e07-a7fc-1b840a53737f	'https://eol.org/pages/3014359/overview'
3fb5d8ef-746d-4bda-9a29-a4b63094522d	'https://www.flickr.com/photos/51021983@N00/3708179461'
3fea6fa7-c6b0-4765-961d-31977b97b6b3	'https://www.flickr.com/photos/51313580@N08/6053219111'
3ff31238-eaf9-4cb4-bd34-eb8c990166f3	'https://www.flickr.com/photos/32345112@N00/5715627717'
467d8407-e88a-4545-91d3-43d79090f116	'https://www.flickr.com/photos/42751184@N06/5551811649'
42d7b5cc-ca36-4a59-b20a-a0f9330b6652	'http://www.eol.org/pages/4395820/overview'
4306571c-bfb5-4c6d-82ca-008a98861f5a	'https://www.flickr.com/photos/28708174@N00/11151982814'
43200c24-9e5b-48bc-acb5-094600619349	'https://www.flickr.com/photos/99480086@N05/11298366905'
4337dd8a-85ab-419b-b77a-7d655f26178b	'https://www.flickr.com/photos/21095987@N00/2040762919'
43484472-b797-4522-a793-fd8c8a812620	'https://www.flickr.com/photos/15259936@N00/354245448'
43851830-9172-4b1e-9a7f-9178bbfe67d3	'https://www.flickr.com/photos/100759833@N05/15058718057'
447e4d67-b22b-4836-8b20-82e1dd556878	'https://eol.org/pages/170964/overview'
44a268dc-16f8-4ac9-b177-c5146789dfd4	'http://www.eol.org/pages/34206/overview'
44ee99f1-847c-4b6d-89a6-79277f119c48	'http://www.eol.org/pages/7155/hierarchy_entries/48093925/overview'
463026db-7f24-4ae0-830e-d8b4c5a0e2e2	'https://www.flickr.com/photos/28708174@N00/11180874183'
4628481f-265c-4b00-a6bb-7ebb2c6008ac	'https://www.flickr.com/photos/21868456@N04/9052804837'
4648ef54-c696-4047-a012-9ed26af4328f	'https://digitaltmuseum.org/011014480000/text-till-bilden-groto-utsikt-fran-fyren-1959/media?slide=0'
4679320e-5153-4356-9351-bdc5444b5361	'http://www.eol.org/pages/1637/overview?full=true'
46ac68f0-922f-4a8b-838c-7a6612b377dc	'https://eol.org/pages/113567/overview/'
4723710a-a3b2-4744-8c81-4aec0a324387	'https://www.flickr.com/photos/53005683@N00/9643729799'
473e4892-2a06-4848-8e6e-54893fcc32c0	'https://eol.org/pages/5377/hierarchy_entries/20671413/overview'
47e9fbc5-0411-4664-9ad5-0fb7d087c67a	'https://www.flickr.com/photos/63299533@N00/69556615'
4837a392-407e-4ecf-b3bc-6c70656cc43b	'https://www.flickr.com/photos/62769569@N05/42570151241'
484a0a45-d190-441a-bc83-95164ddd1dae	'https://www.flickr.com/photos/52619519@N00/490212928'
487588d2-d965-4d55-9b4f-bd0d75ec1054	'https://eol.org/pages/8986935/overview'
488f48a7-684b-4e92-bbcc-0bb729a932ac	'https://eol.org/pages/2696833/overview'
48e85ef9-f5df-4123-b7b9-e6edef44652f	'https://www.flickr.com/photos/53808741@N07/5430709076'
494ca1fc-a1a3-4646-8d52-12f5b68bd69b	'https://www.flickr.com/photos/53215805@N00/287282520'
495a649f-f2d2-4bca-9585-32db4fea707e	'https://www.flickr.com/photos/35336074@N00/5991605212'
4986530b-fc26-4698-a177-077ac6a7d8f0	'http://www.eol.org/pages/48828/overview'
49c75a7b-d39f-4738-b443-2fe125c2362a	'https://www.flickr.com/photos/42559945@N08/5836637042'
49fd5812-5aec-42d1-b89b-6b35c061223f	'https://eol.org/pages/4193/overview'
4a5b755c-56d4-44ec-8227-df47bacc726c	'https://eol.org/pages/10883676/overview'
4b1f299e-a2a4-4aaa-882e-8b4d7b72186c	'https://www.flickr.com/photos/26633708@N04/5611010402'
4b6f0e2a-c8a7-411b-95ec-eafb17dab89e	'https://www.flickr.com/photos/53153433@N03/5545641741'
4bd415d5-a561-489a-81bd-c4767951a231	'http://www.eol.org/pages/2325/overview'
4c0bd1ff-2f62-4af7-b48b-2675570b77a7	'https://www.flickr.com/photos/70964793@N00/362370524'
4c4ac795-01e8-45ac-a27e-81d2b194f0ac	'http://collections.musee-mccord.qc.ca/en/collection/artifacts/ME927.1.35'
4c8a9c1a-1e22-494b-a4fd-52f560343c13	'https://eol.org/pages/2745607/overview/'
4cbbd837-2445-4e5f-93a9-0142f9647dc6	'http://www.eol.org/pages/1177529/overview'
4d26afea-46a3-4e10-b437-fb06cec1d29e	'https://www.flickr.com/photos/43970740@N05/5825428913'
4d5e795a-1e40-4454-bc1c-997977d3392d	'https://www.flickr.com/photos/106707265@N05/11637936285'
4db9a551-4b4a-49df-af91-b48d01b7de64	'http://www.eol.org/pages/104803/overview'
4dfcac7d-49f9-4d30-a747-174746113405	'https://www.flickr.com/photos/43970740@N05/6026906036'
4e1dc168-dc21-4091-bbd7-263f3cd6f576	'https://www.flickr.com/photos/31363435@N07/6096982307'
4e2e3790-3406-477a-9eee-5a59c821645f	'https://www.flickr.com/photos/45241451@N00/6037843504'
4e57675f-2dff-4c7d-bd35-4598cbcc86e2	'http://www.eol.org/pages/42657/overview'
4f2d0c85-f443-461a-9216-afd5015538ab	'https://www.flickr.com/photos/146269332@N03/39997699193'
4f70f6bc-605a-4043-9385-d84b249dd3ad	'https://www.flickr.com/photos/150386686@N03/42848471642'
4ff8ff03-c217-441d-9a5d-80d1a432cc68	'https://www.flickr.com/photos/26650236@N07/5746437536'
54343c41-a252-487f-978b-f779747ce4c1	'https://www.flickr.com/photos/14533238@N00/6238212196'
56301bc3-dab7-49f7-a1d9-fa0c0eba7e2e	'https://www.flickr.com/photos/36217621@N00/76330779'
565819ab-1e2f-4889-a541-6d59d98a2030	'https://www.flickr.com/photos/54322086@N00/5648609604'
5824f867-9706-436f-b141-c7cf11077cfd	'https://eol.org/pages/2541185/overview'
5b7cb598-58c9-43b6-b120-0479014f166b	'https://www.flickr.com/photos/43840881@N06/5387424581'
5ee984ea-5d29-40b2-b1b0-8eea147ce2fb	'https://www.flickr.com/photos/73092909@N00/74018337'
5c775a69-c0d7-4441-8200-859a1fedd285	'https://www.flickr.com/photos/57956947@N02/5330712586'
5d14279e-ed6a-46b4-8503-0421f9840fe9	'https://www.flickr.com/photos/69108293@N00/6011222205'
5d1c245a-b98b-4a4e-8be0-9e305ba96184	'https://eol.org/pages/757419/overview/'
5d5419b0-8f60-4dce-b32f-84cfc1c6298e	'https://www.flickr.com/photos/59059102@N05/31272349357'
5d569be7-5b76-400c-99f6-9c3ca959fbfb	'https://www.flickr.com/photos/87642443@N05/11308544023'
5dc7b02d-bdeb-46ee-a350-4d1ab67f7f57	'https://www.eol.org/pages/2738663/overview'
5dcbfbf1-119d-48cc-887c-8563be577697	'https://www.flickr.com/photos/51531101@N00/2708710852'
5efa736c-a63c-459e-81d1-fc6303d21b69	'https://www.flickr.com/photos/28576071@N00/5707845534'
5df5b09d-a1ed-4804-b8e1-db1c09278b05	'https://www.flickr.com/photos/57604326@N03/5339424958'
5df68a19-55cb-4860-9822-d4b38b0d6c03	'https://eol.org/pages/976327/overview'
5e35b325-7da1-4620-9250-14643ae1b02c	'https://www.flickr.com/photos/59333811@N02/6048564444'
5e4d5296-c7f9-4427-857e-d136c094ae59	'https://www.flickr.com/photos/91379894@N00/109400040'
5eb32d0a-b7b4-40e2-8cfb-49b623b78384	'https://www.eol.org/pages/35947/overview/'
5ec7ab7f-c4f7-4a9f-a8f0-5861d0cc6f54	'https://www.flickr.com/photos/41933973@N00/76551694'
5f0baca0-a421-429b-9c8a-b47365023de0	'https://digitaltmuseum.org/021016993052/hmm28655/media?slide=0'
5f2dd231-36d1-4487-abe9-a4742e01a21a	'https://eol.org/pages/5830860/overview'
5fe6da7d-6d93-47ab-98ff-c74d82ba1c2b	'https://www.flickr.com/photos/32345112@N00/5778497538'
5ff16ad9-8635-4181-8549-76b6f2469eed	'https://www.eol.org/pages/118009/overview/'
66575e64-f794-4fcd-b056-9ba42cd2274a	'https://www.eol.org/pages/2898427/overview'
667d8b4d-70fe-43fd-8ca4-553a566f56c9	'https://www.flickr.com/photos/10169648@N03/5638250782'
66a6e5e1-33cd-4849-92f7-21ec73c2535d	'https://www.flickr.com/photos/7826246@N03/6054208406'
688ceeb7-175f-41f8-b4a3-0743e7696764	'https://eol.org/pages/5250980/overview'
67114e8e-d783-49b3-a3d5-604feadffe77	'https://www.flickr.com/photos/52184457@N00/8372055226'
689c0b26-d3b3-43bf-8b31-06a917f71eeb	'https://eol.org/pages/11822327/overview'
68c9e93a-4453-4a85-a14e-149cd775b86f	'https://www.flickr.com/photos/87997571@N00/6079884381'
6c55f4ac-bf43-4899-9f4e-e02eb725d9fd	'https://www.flickr.com/photos/41194472@N06/5820005972'
6a9a6578-c44d-4b55-959e-dce3012edce7	'https://www.flickr.com/photos/33895117@N00/5320178434'
6a9cf406-0330-499e-9905-cb437c88ccd1	'https://digitaltmuseum.org/011015420979/modell-i-hellang-klanning-i-svart-jersey-palsboa-handskar-och-pumps-hos/media?slide=0'
6abcc50b-6b43-420d-9e05-cb0dccd9bdbf	'https://www.flickr.com/photos/22468999@N00/74026434'
6b3bbed6-9818-4594-973f-ec967ebf9029	'https://www.eol.org/pages/482715/overview'
6b91c6cb-2eee-4568-9835-2bf685665e71	'https://www.flickr.com/photos/51058534@N03/5695272292'
6e9b5b06-5239-4545-bdfc-81f3433f88f7	'https://www.flickr.com/photos/28576071@N00/5707278767'
6d2d29a1-1c33-4ec4-9e88-9f4a833751c0	'https://www.eol.org/pages/666/overview'
6d3af835-a4b3-4403-9fb1-b9d50b3c70dd	'https://www.flickr.com/photos/150386686@N03/42848463932'
6dc77f23-9130-4961-bb8b-75acb0260dbb	'https://www.flickr.com/photos/59367690@N00/5908964217'
6e78ddcc-d9e1-45f1-958f-2bbac3ce4b7d	'https://www.eol.org/pages/3259223/overview/'
6f66b46c-62c2-4e43-8c2c-f903b905c411	'https://www.flickr.com/photos/42559945@N08/5306193677'
6fbbeaad-3bcc-407f-9605-e137f88757a0	'https://eol.org/pages/1136457/overview/'
6fc92f3e-a64c-4edf-aa48-981f181792f4	'https://www.flickr.com/photos/146269332@N03/33165100488'
6fe81dd8-7fc3-4242-bcbc-98f842151dbd	'https://www.flickr.com/photos/85009674@N00/74336749'
74454cfd-489d-4c7a-bdda-d7eef06d6d2b	'http://collections.musee-mccord.qc.ca/en/collection/artifacts/M965.199.10008'
7449c831-aeb2-4f7a-9acb-d2359ccbc5ba	'https://www.flickr.com/photos/91439252@N00/2472574998'
7886ec67-47cd-4aa3-b405-716c05c157d1	'https://www.flickr.com/photos/77074753@N00/3708202291'
8d91a4d9-6d9f-47eb-b02d-7c53b835476f	'https://www.flickr.com/photos/106707265@N05/11639878936'
7a9e7ae6-a17a-42d7-96ba-ebd562cc5104	'https://www.flickr.com/photos/9522046@N05/5443942622'
7b30894c-355f-4846-87b8-a8718471025e	'http://www.eol.org/pages/225354/hierarchy_entries/39154100/overview'
7b3a8560-c4b5-4aa6-bf6d-db77ac0465a0	'https://www.flickr.com/photos/34266209@N00/5920305052'
7bee50ac-5f3f-444d-a960-60e4e17dfeab	'https://www.flickr.com/photos/40708596@N00/79499932'
7d10f16a-269f-4eaf-ac8d-8af708444098	'https://www.flickr.com/photos/62769569@N05/42518375342'
7c387e6e-e942-4e18-8623-7144306721ae	'https://www.flickr.com/photos/79832321@N00/5496035246'
7c8003e9-4575-469f-88f2-4dbc2bfefdeb	'http://www.eol.org/pages/61628/overview'
7c947be0-88f2-4181-b1f8-135eddcec498	'https://eol.org/pages/2807/overview'
7ce83d14-d7c4-4871-9eef-0403a0f5e271	'https://www.flickr.com/photos/66158934@N03/6352628909'
7db13df8-5d42-46c5-b961-6831e6e4c71f	'https://www.flickr.com/photos/16319318@N00/5655716905'
7db8e1df-c6c4-4293-96ee-a82cad87e955	'https://www.flickr.com/photos/28708174@N00/11151875386'
7def5a94-af71-4e81-be93-c4c58580fdf3	'https://www.flickr.com/photos/24402919@N06/5697271558'
7f074c8c-a8f2-4e06-a4ed-bcba550c613c	'https://www.flickr.com/photos/23312561@N00/291780745'
7f358080-b8e3-4255-bb62-5cc563b335ca	'https://www.flickr.com/photos/44811558@N02/6568170433'
7fb4a30f-c632-48c7-aea6-29aeb0eec595	'https://www.flickr.com/photos/51523365@N00/5583624137'
7feb8d57-de46-4bd2-91a1-2619d75b0c85	'https://www.flickr.com/photos/66351362@N00/75512279'
86e6ee67-3f4c-46fa-905d-994516daa1da	'https://www.flickr.com/photos/28708174@N00/11211894403'
8ac6d38d-751d-4dff-b549-2c2b93ce2e2c	'https://www.flickr.com/photos/36809608@N05/6044548649'
fdccc8d6-22a1-4421-87cb-6b9d19e6be17	'https://www.flickr.com/photos/32754161@N00/5802098056'
8f562e8c-b22f-4880-8ddc-bbd2ae75a7f4	'https://www.flickr.com/photos/85542675@N00/2472587414'
8f956cb4-3eed-4276-94f9-776c018a4840	'https://www.flickr.com/photos/68989132@N00/5856574351'
8faefe2c-e33a-480d-9c1e-0892b818e5af	'https://www.flickr.com/photos/74308895@N00/72971118'
8fd54c5f-77b7-4525-8b68-08d6545d5e7d	'https://eol.org/pages/3121156/overview'
8fe6cc2b-b2f1-4e83-aa7b-dc90aba37647	'https://www.flickr.com/photos/84056180@N00/14987226330'
8fef728b-f058-4484-9af0-385b8685915b	'https://www.flickr.com/photos/19769402@N00/5645748518'
9751b91f-8068-47ad-bd7d-67f08c8a5180	'https://commons.wikimedia.org/w/index.php?curid=85383563'
9ea5ba86-18a2-4f2c-87b2-3acd7f72f83b	'http://www.eol.org/pages/104804/overview'
a6a129df-4a29-49ff-bb85-64a4ff4e63e8	'https://www.flickr.com/photos/34857138@N00/6023571901'
a6a67f85-733b-4d84-9f50-8a860dd7107e	'http://www.eol.org/pages/40390/overview'
a733698a-ce1b-45b1-9024-34b23472ccaf	'http://www.eol.org/pages/59343/overview'
a86dac39-6c6b-4c2a-bd71-e09cbb81ffaa	'https://www.flickr.com/photos/99663364@N00/5903473615'
ada12857-5d07-454b-b61a-11a2418406e4	'https://eol.org/pages/556/overview'
b88bd355-0676-4c37-8b06-07e8e1776bad	'https://www.flickr.com/photos/29392024@N05/11272495475'
b88d84fc-42de-4919-aad9-cbed6bbdcde3	'https://www.flickr.com/photos/19512988@N00/2471767751'
c6b08c90-a917-4a8e-843f-f9610bb0a2db	'https://www.flickr.com/photos/36076461@N00/5907746250'
d67b24a3-42d5-47c5-ae3b-369d5f1548b6	'https://www.flickr.com/photos/89277112@N00/75720738'
d87e3040-aaf6-4a22-8e35-3168bb04ed49	'https://www.flickr.com/photos/62769569@N05/41668646665'
d88ab263-5251-4d92-a5ac-b060039f493d	'https://eol.org/pages/92639/overview'
dd959e04-94c5-46b1-bf06-9fbcaf116ffc	'https://www.flickr.com/photos/65308917@N00/208681462'
dfbd4906-334f-4902-97cc-df583e5c8967	'https://www.flickr.com/photos/54004987@N00/5847967987'
e88b0c25-9972-42d0-be56-d170837fff13	'https://www.flickr.com/photos/82394503@N00/2508586682'
f8e5b282-a07c-460d-97ca-47271a209c90	'https://www.flickr.com/photos/43045536@N08/6045860221'
f9010c0e-a746-430a-bcbd-0cfabe09c494	'https://eol.org/pages/3778/overview'
f91fab88-e92e-42b8-b6cd-fc8788eb3457	'https://digitaltmuseum.org/021016618367/diorama-fran-biologiska-museets-utstallning-om-nordiskt-djurliv-i-havs/media?slide=0'
fbc4cdca-e85d-474a-9b1a-12ae3d3fdf63	'https://www.flickr.com/photos/62769569@N05/42570160541'
fc02f44b-7a8c-4760-8678-3acd679b914e	'https://www.flickr.com/photos/53035820@N02/5889861086'
fc04d057-79f0-4767-b093-5ce505f6a5d9	'http://www.eol.org/pages/1200742/overview'
fc2d253b-3784-4f39-aac1-af68680a5102	'https://www.flickr.com/photos/77138929@N00/5733997494'
fc633b59-6902-4fc4-ae1d-2e454a6b7bec	'https://www.flickr.com/photos/62769569@N05/28696376888'
fd23157e-1a95-4171-b375-b6b3a80060b3	'https://eol.org/pages/2635550/overview'
fde16aec-81c9-42af-82dd-eb73b93b6302	'http://www.eol.org/pages/8668/overview'
fe1d1c92-941b-4fd5-a3d1-53d289ca3cb5	'https://eol.org/pages/736205/overview'
fe9c2fb4-4d81-40f2-8193-43c0a2802745	'https://www.flickr.com/photos/26086448@N00/5856550538'
fec5a769-c8ef-4d96-98c7-00abf527f7d2	'http://www.eol.org/pages/6032293/overview/'
ff0de946-a836-49fa-9707-2a9281e60d5e	'https://www.flickr.com/photos/53377826@N07/5661863670'
ffa69bb4-a13e-4308-b06b-a8f2ce5b116f	'http://www.eol.org/pages/15837/overview'
